{
"lengthUnit": "mil",
"remark": [],
"components": {
	"fields": ["COMPONENT_NO", "COMPONENT_NAME", "LAYER", "X_COORDINATE", "Y_COORDINATE", "ANGLE"],
	"rows": [
		[1, "buckConverter", "T", 236.2205, 68.7402, 0],
		[2, "C7", "T", 415, 920, 0],
		[3, "C8", "T", 127.44, 1112.44, 0],
		[4, "C9", "T", 70, 290, 180],
		[5, "C11", "T", 373.929, 1008.479, 0],
		[6, "C12", "T", 115, 410, 0],
		[7, "C13", "T", 111.558, 722.134, 0],
		[8, "C14", "T", 114.101, 617.134, 0],
		[9, "C15", "T", 116.644, 512.134, 0],
		[10, "C16", "T", 374.015, 1110.417, 0],
		[11, "C17", "T", 376.472, 1210.417, 0],
		[12, "C18", "T", 375, 1315, 0],
		[13, "D1", "T", 140, 1270, 90],
		[14, "D2", "T", 130, 935, 270],
		[15, "L1", "T", 370, 350, 270],
		[16, "L2", "T", 370, 690, 270],
		[17, "powerFilterInterface", "T", 236.2205, 1500.4724, 180],
		[18, "PAD1", "T", 86.2205, 68.7402, 0],
		[19, "PAD1", "B", 86.2205, 68.7402, 0],
		[20, "PAD2", "T", 186.2205, 68.7402, 0],
		[21, "PAD2", "B", 186.2205, 68.7402, 0],
		[22, "PAD3", "T", 286.2205, 68.7402, 0],
		[23, "PAD3", "B", 286.2205, 68.7402, 0],
		[24, "PAD4", "T", 386.2205, 68.7402, 0],
		[25, "PAD4", "B", 386.2205, 68.7402, 0],
		[26, "PAD5", "T", 140, 1347.36, 0],
		[27, "PAD6", "T", 140, 1192.64, 0],
		[28, "PAD7", "T", 130, 848.39, 0],
		[29, "PAD8", "T", 130, 1021.61, 0],
		[30, "PAD9", "T", 370, 231.89, 0],
		[31, "PAD10", "T", 370, 468.11, 0],
		[32, "PAD11", "T", 370, 571.89, 0],
		[33, "PAD12", "T", 370, 808.11, 0],
		[34, "PAD13", "T", 386.2205, 1500.4724, 0],
		[35, "PAD13", "B", 386.2205, 1500.4724, 0],
		[36, "PAD14", "T", 286.2205, 1500.4724, 0],
		[37, "PAD14", "B", 286.2205, 1500.4724, 0],
		[38, "PAD15", "T", 186.2205, 1500.4724, 0],
		[39, "PAD15", "B", 186.2205, 1500.4724, 0],
		[40, "PAD16", "T", 86.2205, 1500.4724, 0],
		[41, "PAD16", "B", 86.2205, 1500.4724, 0],
		[42, "PAD17", "T", 442.56, 920, 0],
		[43, "PAD18", "T", 387.44, 920, 0],
		[44, "PAD19", "T", 155, 1112.44, 0],
		[45, "PAD20", "T", 99.88, 1112.44, 0],
		[46, "PAD21", "T", 42.44, 290, 0],
		[47, "PAD22", "T", 97.56, 290, 0],
		[48, "PAD23", "T", 436.629, 1008.479, 0],
		[49, "PAD24", "T", 311.229, 1008.479, 0],
		[50, "PAD25", "T", 177.7, 410, 0],
		[51, "PAD26", "T", 52.3, 410, 0],
		[52, "PAD27", "T", 174.258, 722.134, 0],
		[53, "PAD28", "T", 48.858, 722.134, 0],
		[54, "PAD29", "T", 176.801, 617.134, 0],
		[55, "PAD30", "T", 51.401, 617.134, 0],
		[56, "PAD31", "T", 179.344, 512.134, 0],
		[57, "PAD32", "T", 53.944, 512.134, 0],
		[58, "PAD33", "T", 436.715, 1110.417, 0],
		[59, "PAD34", "T", 311.315, 1110.417, 0],
		[60, "PAD35", "T", 439.172, 1210.417, 0],
		[61, "PAD36", "T", 313.772, 1210.417, 0],
		[62, "PAD37", "T", 437.7, 1315, 0],
		[63, "PAD38", "T", 312.3, 1315, 0]
	]
},
"pins": {
	"fields": ["PIN_NO", "PIN_NAME", "PIN_X", "PIN_Y", "LAYER", "PIN_TYPE", "NET_NAME", "NET_TYPE", "PAD_SHAPE", "PAD_SIZEX", "PAD_SIZEY", "HOLE_SIZE", "HOLE_LEN", "PAD_ANGLE"],
	"rows": [
		[1, "buckConverter_1", 86.2205, 68.7402, "T", "DIP", "$1N1554", "", "R", 66.929, 66.929, 43.308, 43.308, 0],
		[2, "buckConverter_1", 86.2205, 68.7402, "B", "DIP", "$1N1554", "", "R", 66.929, 66.929, 43.308, 43.308, 0],
		[3, "buckConverter_2", 186.2205, 68.7402, "T", "DIP", "$1N1116", "", "C", 66.929, 66.929, 43.308, 43.308, 0],
		[4, "buckConverter_2", 186.2205, 68.7402, "B", "DIP", "$1N1116", "", "C", 66.929, 66.929, 43.308, 43.308, 0],
		[5, "buckConverter_3", 286.2205, 68.7402, "T", "DIP", "$1N1393", "", "C", 66.929, 66.929, 43.308, 43.308, 0],
		[6, "buckConverter_3", 286.2205, 68.7402, "B", "DIP", "$1N1393", "", "C", 66.929, 66.929, 43.308, 43.308, 0],
		[7, "buckConverter_4", 386.2205, 68.7402, "T", "DIP", "$1N2293", "", "C", 66.929, 66.929, 43.308, 43.308, 0],
		[8, "buckConverter_4", 386.2205, 68.7402, "B", "DIP", "$1N2293", "", "C", 66.929, 66.929, 43.308, 43.308, 0],
		[9, "C7_1", 387.44, 920, "T", "SMD", "$1N1531", "", "R", 31.496, 35.433, 0, 0, 0],
		[10, "C7_2", 442.56, 920, "T", "SMD", "$1N1116", "", "R", 31.496, 35.433, 0, 0, 0],
		[11, "C8_1", 99.88, 1112.44, "T", "SMD", "$1N1116", "", "R", 31.496, 35.433, 0, 0, 0],
		[12, "C8_2", 155, 1112.44, "T", "SMD", "$1N1200", "", "R", 31.496, 35.433, 0, 0, 0],
		[13, "C9_1", 97.56, 290, "T", "SMD", "$1N1116", "", "R", 31.496, 35.433, 0, 0, 180],
		[14, "C9_2", 42.44, 290, "T", "SMD", "$1N1393", "", "R", 31.496, 35.433, 0, 0, 180],
		[15, "C11_1", 311.229, 1008.479, "T", "SMD", "$1N1531", "", "R", 58.465, 68.031, 0, 0, 0],
		[16, "C11_2", 436.629, 1008.479, "T", "SMD", "$1N1116", "", "R", 58.465, 68.031, 0, 0, 0],
		[17, "C12_1", 52.3, 410, "T", "SMD", "$1N1116", "", "R", 58.465, 68.031, 0, 0, 0],
		[18, "C12_2", 177.7, 410, "T", "SMD", "$1N1393", "", "R", 58.465, 68.031, 0, 0, 0],
		[19, "C13_1", 48.858, 722.134, "T", "SMD", "$1N1116", "", "R", 58.465, 68.031, 0, 0, 0],
		[20, "C13_2", 174.258, 722.134, "T", "SMD", "$1N1393", "", "R", 58.465, 68.031, 0, 0, 0],
		[21, "C14_1", 51.401, 617.134, "T", "SMD", "$1N1116", "", "R", 58.465, 68.031, 0, 0, 0],
		[22, "C14_2", 176.801, 617.134, "T", "SMD", "$1N1393", "", "R", 58.465, 68.031, 0, 0, 0],
		[23, "C15_1", 53.944, 512.134, "T", "SMD", "$1N1116", "", "R", 58.465, 68.031, 0, 0, 0],
		[24, "C15_2", 179.344, 512.134, "T", "SMD", "$1N1393", "", "R", 58.465, 68.031, 0, 0, 0],
		[25, "C16_1", 311.315, 1110.417, "T", "SMD", "$1N1531", "", "R", 58.465, 68.031, 0, 0, 0],
		[26, "C16_2", 436.715, 1110.417, "T", "SMD", "$1N1116", "", "R", 58.465, 68.031, 0, 0, 0],
		[27, "C17_1", 313.772, 1210.417, "T", "SMD", "$1N1531", "", "R", 58.465, 68.031, 0, 0, 0],
		[28, "C17_2", 439.172, 1210.417, "T", "SMD", "$1N1116", "", "R", 58.465, 68.031, 0, 0, 0],
		[29, "C18_1", 312.3, 1315, "T", "SMD", "$1N1531", "", "R", 58.465, 68.031, 0, 0, 0],
		[30, "C18_2", 437.7, 1315, "T", "SMD", "$1N1116", "", "R", 58.465, 68.031, 0, 0, 0],
		[31, "D1_1", 140, 1192.64, "T", "SMD", "$1N1200", "", "R", 59.842, 66.142, 0, 0, 90],
		[32, "D1_2", 140, 1347.36, "T", "SMD", "$1N1353", "", "R", 59.842, 66.142, 0, 0, 90],
		[33, "D2_1", 130, 1021.61, "T", "SMD", "$1N1200", "", "R", 78.74, 78.74, 0, 0, 90],
		[34, "D2_2", 130, 848.39, "T", "SMD", "$1N1116", "", "R", 78.74, 78.74, 0, 0, 90],
		[35, "L1_1", 370, 468.11, "T", "SMD", "$1N1200", "", "R", 92.52, 137.795, 0, 0, 270],
		[36, "L1_2", 370, 231.89, "T", "SMD", "$1N1393", "", "R", 92.52, 137.795, 0, 0, 270],
		[37, "L2_1", 370, 808.11, "T", "SMD", "$1N1531", "", "R", 92.52, 137.795, 0, 0, 270],
		[38, "L2_2", 370, 571.89, "T", "SMD", "$1N1554", "", "R", 92.52, 137.795, 0, 0, 270],
		[39, "powerFilterInterface_1", 386.2205, 1500.4724, "T", "DIP", "$1N2293", "", "R", 66.929, 66.929, 43.308, 43.308, 180],
		[40, "powerFilterInterface_1", 386.2205, 1500.4724, "B", "DIP", "$1N2293", "", "R", 66.929, 66.929, 43.308, 43.308, 180],
		[41, "powerFilterInterface_2", 286.2205, 1500.4724, "T", "DIP", "$1N1353", "", "C", 66.929, 66.929, 43.308, 43.308, 180],
		[42, "powerFilterInterface_2", 286.2205, 1500.4724, "B", "DIP", "$1N1353", "", "C", 66.929, 66.929, 43.308, 43.308, 180],
		[43, "powerFilterInterface_3", 186.2205, 1500.4724, "T", "DIP", "$1N1116", "", "C", 66.929, 66.929, 43.308, 43.308, 180],
		[44, "powerFilterInterface_3", 186.2205, 1500.4724, "B", "DIP", "$1N1116", "", "C", 66.929, 66.929, 43.308, 43.308, 180],
		[45, "powerFilterInterface_4", 86.2205, 1500.4724, "T", "DIP", "$1N1531", "", "C", 66.929, 66.929, 43.308, 43.308, 180],
		[46, "powerFilterInterface_4", 86.2205, 1500.4724, "B", "DIP", "$1N1531", "", "C", 66.929, 66.929, 43.308, 43.308, 180],
		[47, "PAD1_1", 86.2205, 68.7402, "T", "DIP", "$1N1554", "", "R", 66.929, 66.929, 43.308, 43.308, 0],
		[48, "PAD1_1", 86.2205, 68.7402, "B", "DIP", "$1N1554", "", "R", 66.929, 66.929, 43.308, 43.308, 0],
		[49, "PAD2_2", 186.2205, 68.7402, "T", "DIP", "$1N1116", "", "C", 66.929, 66.929, 43.308, 43.308, 0],
		[50, "PAD2_2", 186.2205, 68.7402, "B", "DIP", "$1N1116", "", "C", 66.929, 66.929, 43.308, 43.308, 0],
		[51, "PAD3_3", 286.2205, 68.7402, "T", "DIP", "$1N1393", "", "C", 66.929, 66.929, 43.308, 43.308, 0],
		[52, "PAD3_3", 286.2205, 68.7402, "B", "DIP", "$1N1393", "", "C", 66.929, 66.929, 43.308, 43.308, 0],
		[53, "PAD4_4", 386.2205, 68.7402, "T", "DIP", "$1N2293", "", "C", 66.929, 66.929, 43.308, 43.308, 0],
		[54, "PAD4_4", 386.2205, 68.7402, "B", "DIP", "$1N2293", "", "C", 66.929, 66.929, 43.308, 43.308, 0],
		[55, "PAD5_2", 140, 1347.36, "T", "SMD", "$1N1353", "", "R", 59.842, 66.142, 0, 0, 90],
		[56, "PAD6_1", 140, 1192.64, "T", "SMD", "$1N1200", "", "R", 59.842, 66.142, 0, 0, 90],
		[57, "PAD7_2", 130, 848.39, "T", "SMD", "$1N1116", "", "R", 78.74, 78.74, 0, 0, 90],
		[58, "PAD8_1", 130, 1021.61, "T", "SMD", "$1N1200", "", "R", 78.74, 78.74, 0, 0, 90],
		[59, "PAD9_2", 370, 231.89, "T", "SMD", "$1N1393", "", "R", 92.52, 137.795, 0, 0, 270],
		[60, "PAD10_1", 370, 468.11, "T", "SMD", "$1N1200", "", "R", 92.52, 137.795, 0, 0, 270],
		[61, "PAD11_2", 370, 571.89, "T", "SMD", "$1N1554", "", "R", 92.52, 137.795, 0, 0, 270],
		[62, "PAD12_1", 370, 808.11, "T", "SMD", "$1N1531", "", "R", 92.52, 137.795, 0, 0, 270],
		[63, "PAD13_1", 386.2205, 1500.4724, "T", "DIP", "$1N2293", "", "R", 66.929, 66.929, 43.308, 43.308, 180],
		[64, "PAD13_1", 386.2205, 1500.4724, "B", "DIP", "$1N2293", "", "R", 66.929, 66.929, 43.308, 43.308, 180],
		[65, "PAD14_2", 286.2205, 1500.4724, "T", "DIP", "$1N1353", "", "C", 66.929, 66.929, 43.308, 43.308, 180],
		[66, "PAD14_2", 286.2205, 1500.4724, "B", "DIP", "$1N1353", "", "C", 66.929, 66.929, 43.308, 43.308, 180],
		[67, "PAD15_3", 186.2205, 1500.4724, "T", "DIP", "$1N1116", "", "C", 66.929, 66.929, 43.308, 43.308, 180],
		[68, "PAD15_3", 186.2205, 1500.4724, "B", "DIP", "$1N1116", "", "C", 66.929, 66.929, 43.308, 43.308, 180],
		[69, "PAD16_4", 86.2205, 1500.4724, "T", "DIP", "$1N1531", "", "C", 66.929, 66.929, 43.308, 43.308, 180],
		[70, "PAD16_4", 86.2205, 1500.4724, "B", "DIP", "$1N1531", "", "C", 66.929, 66.929, 43.308, 43.308, 180],
		[71, "PAD17_2", 442.56, 920, "T", "SMD", "$1N1116", "", "R", 31.496, 35.433, 0, 0, 0],
		[72, "PAD18_1", 387.44, 920, "T", "SMD", "$1N1531", "", "R", 31.496, 35.433, 0, 0, 0],
		[73, "PAD19_2", 155, 1112.44, "T", "SMD", "$1N1200", "", "R", 31.496, 35.433, 0, 0, 0],
		[74, "PAD20_1", 99.88, 1112.44, "T", "SMD", "$1N1116", "", "R", 31.496, 35.433, 0, 0, 0],
		[75, "PAD21_2", 42.44, 290, "T", "SMD", "$1N1393", "", "R", 31.496, 35.433, 0, 0, 180],
		[76, "PAD22_1", 97.56, 290, "T", "SMD", "$1N1116", "", "R", 31.496, 35.433, 0, 0, 180],
		[77, "PAD23_2", 436.629, 1008.479, "T", "SMD", "$1N1116", "", "R", 58.465, 68.031, 0, 0, 0],
		[78, "PAD24_1", 311.229, 1008.479, "T", "SMD", "$1N1531", "", "R", 58.465, 68.031, 0, 0, 0],
		[79, "PAD25_2", 177.7, 410, "T", "SMD", "$1N1393", "", "R", 58.465, 68.031, 0, 0, 0],
		[80, "PAD26_1", 52.3, 410, "T", "SMD", "$1N1116", "", "R", 58.465, 68.031, 0, 0, 0],
		[81, "PAD27_2", 174.258, 722.134, "T", "SMD", "$1N1393", "", "R", 58.465, 68.031, 0, 0, 0],
		[82, "PAD28_1", 48.858, 722.134, "T", "SMD", "$1N1116", "", "R", 58.465, 68.031, 0, 0, 0],
		[83, "PAD29_2", 176.801, 617.134, "T", "SMD", "$1N1393", "", "R", 58.465, 68.031, 0, 0, 0],
		[84, "PAD30_1", 51.401, 617.134, "T", "SMD", "$1N1116", "", "R", 58.465, 68.031, 0, 0, 0],
		[85, "PAD31_2", 179.344, 512.134, "T", "SMD", "$1N1393", "", "R", 58.465, 68.031, 0, 0, 0],
		[86, "PAD32_1", 53.944, 512.134, "T", "SMD", "$1N1116", "", "R", 58.465, 68.031, 0, 0, 0],
		[87, "PAD33_2", 436.715, 1110.417, "T", "SMD", "$1N1116", "", "R", 58.465, 68.031, 0, 0, 0],
		[88, "PAD34_1", 311.315, 1110.417, "T", "SMD", "$1N1531", "", "R", 58.465, 68.031, 0, 0, 0],
		[89, "PAD35_2", 439.172, 1210.417, "T", "SMD", "$1N1116", "", "R", 58.465, 68.031, 0, 0, 0],
		[90, "PAD36_1", 313.772, 1210.417, "T", "SMD", "$1N1531", "", "R", 58.465, 68.031, 0, 0, 0],
		[91, "PAD37_2", 437.7, 1315, "T", "SMD", "$1N1116", "", "R", 58.465, 68.031, 0, 0, 0],
		[92, "PAD38_1", 312.3, 1315, "T", "SMD", "$1N1531", "", "R", 58.465, 68.031, 0, 0, 0]
	]
}
}